"DESCRIPTION","DURATION IN MS","NAME","PARENT SUITE","START TIME","STATUS","STOP TIME","SUB SUITE","SUITE","TEST CLASS","TEST METHOD"
"Verify that we can successfully retrieve the second page of the user list.","426","Test getting a list of users (page 2)","api_tests","Thu Apr 03 22:21:18 CST 2025","passed","Thu Apr 03 22:21:18 CST 2025","TestUsers","test_users","",""
"
        测试获取单个不存在用户的功能 (预期 404)
        对应接口: GET /api/users/23
        ","756","Test getting a single non-existing user (ID 23)","api_tests","Thu Apr 03 22:21:18 CST 2025","passed","Thu Apr 03 22:21:19 CST 2025","TestUsers","test_users","",""
"
        测试获取单个存在用户的功能
        对应接口: GET /api/users/2
        ","400","Test getting a single existing user (ID 2)","api_tests","Thu Apr 03 22:21:18 CST 2025","passed","Thu Apr 03 22:21:18 CST 2025","TestUsers","test_users","",""
